Id,OwnerId,IsDeleted,Name,CreatedDate,CreatedById,LastModifiedDate,LastModifiedById,SystemModstamp,LastActivityDate,LastViewedDate,LastReferencedDate,Beginning_Total_Water_Storage__c,Change_in_Water_Storage__c,Discharge_Unit__c,Ending_Total_Water_Storage__c,Groundwater_Discharge__c,Groundwater_Freshwater_Withdrawal__c,Groundwater_Other_Water_Withdrawal__c,Groundwater_Withdrawal_total__c,Organization_Asset__c,Produced_Freshwater_Withdrawal__c,Produced_Other_Water_Withdrawal__c,Produced_Withdrawal_total__c,Purpose__c,Report_End_Date__c,Report_Start_Date__c,Seawater_Discharge__c,Seawater_Freshwater_Withdrawal__c,Seawater_Other_Water_Withdrawal__c,Seawater_Withdrawal_total__c,Source_Aquifer__c,Source_Basin__c,Source_Subbasin__c,Surface_Freshwater_Withdrawal__c,Surface_Other_Water_Withdrawal__c,Surface_Water_Discharge__c,Surface_Withdrawal_total__c,Third_party_Freshwater_Withdrawal__c,Third_party_Other_Water_Withdrawal__c,Third_party_Water_Discharge_total__c,Third_party_Water_sent_for_use__c,Third_party_Withdrawal_total__c,Total_Freshwater_Discharge__c,Total_Other_Water_Discharge__c,Total_Water_Consumption_ML__c,Total_Water_Discharge_ML__c,Total_Water_Withdrawal_ML__c,Water_Storage_Units__c,Water_Supplier__c,Withdrawal_Unit__c,Water_Risk_Level__c
a0H3B000009YDXGUA4,0053B000003yo9iQAA,,Berlin Water - FY20 Q3,2020-09-25T22:24:09.000+0000,0053B000003yo9iQAA,2020-09-25T22:24:09.000+0000,0053B000003yo9iQAA,2020-09-25T22:24:09.000+0000,,,,,0,Liters,,,,,0,a013B000006ek3jQAA,,,0,iaculis congue vivamus metus arcu adipiscing molestie hendrerit at vulputate vitae nisl aenean lectus pellentesque eget nunc,2019-09-30,2019-07-01,,,,0,,,,,,,0,10408,,12700,,0.01,,,0,0.01,0.01,Liters,a0G3B000005EWccUAG,Liters,Low - Medium (1-2)
a0H3B000009YDXHUA4,0053B000003yo9iQAA,,Berlin Water - FY20 Q4,2020-09-25T22:24:09.000+0000,0053B000003yo9iQAA,2020-09-25T22:24:09.000+0000,0053B000003yo9iQAA,2020-09-25T22:24:09.000+0000,,,,,0,Liters,,,,,0,a013B000006ek3jQAA,,,0,semper rutrum nulla nunc purus phasellus in felis donec semper sapien a,2019-12-31,2019-10-01,,,,0,,,,,,,0,16372,,6604,,0.02,,,0.01,0.01,0.02,Liters,a0G3B000005EWccUAG,Liters,Low - Medium (1-2)
a0H3B000009YDXIUA4,0053B000003yo9iQAA,,Buenos Aires Water - FY20 Q1,2020-09-25T22:24:09.000+0000,0053B000003yo9iQAA,2020-09-25T22:24:09.000+0000,0053B000003yo9iQAA,2020-09-25T22:24:09.000+0000,,,,,0,Liters,,,,,0,a013B000006ek3hQAA,,,0,tortor id nulla ultrices aliquet maecenas leo odio condimentum id luctus nec molestie sed justo,2019-03-31,2019-01-01,,,,0,,,,,,,0,18254,,7426,,0.02,,,0.01,0.01,0.02,Liters,a0G3B000005EWcfUAG,Liters,Low - Medium (1-2)
a0H3B000009YDXJUA4,0053B000003yo9iQAA,,Buenos Aires Water - FY20 Q2,2020-09-25T22:24:09.000+0000,0053B000003yo9iQAA,2020-09-25T22:24:09.000+0000,0053B000003yo9iQAA,2020-09-25T22:24:09.000+0000,,,,,0,Liters,,,,,0,a013B000006ek3hQAA,,,0,aliquam augue quam sollicitudin vitae consectetuer eget rutrum at lorem integer tincidunt ante,2019-06-30,2019-04-01,,,,0,,,,,,,0,7506,,8884,,0.01,,,0,0.01,0.01,Liters,a0G3B000005EWcfUAG,Liters,Low - Medium (1-2)
a0H3B000009YDXKUA4,0053B000003yo9iQAA,,Buenos Aires Water - FY20 Q3,2020-09-25T22:24:09.000+0000,0053B000003yo9iQAA,2020-09-25T22:24:09.000+0000,0053B000003yo9iQAA,2020-09-25T22:24:09.000+0000,,,,,0,Liters,,,,,0,a013B000006ek3hQAA,,,0,erat eros viverra eget congue eget semper rutrum nulla nunc purus phasellus in felis donec semper sapien a libero nam,2019-09-30,2019-07-01,,,,0,,,,,,,0,13280,,14963,,0.01,,,0,0.01,0.01,Liters,a0G3B000005EWcfUAG,Liters,Low - Medium (1-2)
a0H3B000009YDXLUA4,0053B000003yo9iQAA,,Buenos Aires Water - FY20 Q4,2020-09-25T22:24:09.000+0000,0053B000003yo9iQAA,2020-09-25T22:24:09.000+0000,0053B000003yo9iQAA,2020-09-25T22:24:09.000+0000,,,,,0,Liters,,,,,0,a013B000006ek3hQAA,,,0,phasellus id sapien in sapien iaculis congue vivamus metus arcu,2019-12-31,2019-10-01,,,,0,,,,,,,0,9710,,9791,,0.01,,,0,0.01,0.01,Liters,a0G3B000005EWcfUAG,Liters,Low - Medium (1-2)
a0H3B000009YDXMUA4,0053B000003yo9iQAA,,Casablanca Water - FY20 Q1,2020-09-25T22:24:09.000+0000,0053B000003yo9iQAA,2020-09-25T22:24:09.000+0000,0053B000003yo9iQAA,2020-09-25T22:24:09.000+0000,,,,,0,Liters,,,,,0,a013B000006ek3nQAA,,,0,mattis odio donec vitae nisi nam ultrices libero non mattis pulvinar nulla pede ullamcorper,2019-03-31,2019-01-01,,,,0,,,,,,,0,4460,,8344,,0,,,0,0.01,0,Liters,a0G3B000005EWcgUAG,Liters,Extremely High (4-5)
a0H3B000009YDXNUA4,0053B000003yo9iQAA,,Casablanca Water - FY20 Q2,2020-09-25T22:24:09.000+0000,0053B000003yo9iQAA,2020-09-25T22:24:09.000+0000,0053B000003yo9iQAA,2020-09-25T22:24:09.000+0000,,,,,0,Liters,,,,,0,a013B000006ek3nQAA,,,0,nec nisi vulputate nonummy maecenas tincidunt lacus at velit vivamus vel nulla eget,2019-06-30,2019-04-01,,,,0,,,,,,,0,18991,,16337,,0.02,,,0,0.02,0.02,Liters,a0G3B000005EWcgUAG,Liters,Extremely High (4-5)
a0H3B000009YDXOUA4,0053B000003yo9iQAA,,Casablanca Water - FY20 Q3,2020-09-25T22:24:09.000+0000,0053B000003yo9iQAA,2020-09-25T22:24:09.000+0000,0053B000003yo9iQAA,2020-09-25T22:24:09.000+0000,,,,,0,Liters,,,,,0,a013B000006ek3nQAA,,,0,consectetuer adipiscing elit proin interdum mauris non ligula pellentesque ultrices phasellus id sapien in sapien,2019-09-30,2019-07-01,,,,0,,,,,,,0,12870,,2602,,0.01,,,0.01,0,0.01,Liters,a0G3B000005EWcgUAG,Liters,Extremely High (4-5)
a0H3B000009YDXPUA4,0053B000003yo9iQAA,,Casablanca Water - FY20 Q4,2020-09-25T22:24:09.000+0000,0053B000003yo9iQAA,2020-09-25T22:24:09.000+0000,0053B000003yo9iQAA,2020-09-25T22:24:09.000+0000,,,,,0,Liters,,,,,0,a013B000006ek3nQAA,,,0,neque libero convallis eget eleifend luctus ultricies eu nibh quisque id justo sit amet sapien dignissim vestibulum vestibulum ante ipsum,2019-12-31,2019-10-01,,,,0,,,,,,,0,17000,,1747,,0.02,,,0.02,0,0.02,Liters,a0G3B000005EWcgUAG,Liters,Extremely High (4-5)
a0H3B000009YDXQUA4,0053B000003yo9iQAA,,Chicago 111 W Illinois Water - FY20 Q1,2020-09-25T22:24:09.000+0000,0053B000003yo9iQAA,2020-09-25T22:24:09.000+0000,0053B000003yo9iQAA,2020-09-25T22:24:09.000+0000,,,,,0,CCF,,,,,0,a013B000006ek1XQAQ,,,0,orci luctus et ultrices posuere cubilia curae nulla dapibus dolor vel est donec odio,2019-03-31,2019-01-01,,,,0,,,,,,,0,18241,,20,,51.65,,,51.6,0.06,51.65,Liters,a0G3B000005EWcdUAG,CCF,Low - Medium (1-2)
a0H3B000009YDXRUA4,0053B000003yo9iQAA,,Chicago 111 W Illinois Water - FY20 Q2,2020-09-25T22:24:09.000+0000,0053B000003yo9iQAA,2020-09-25T22:24:09.000+0000,0053B000003yo9iQAA,2020-09-25T22:24:09.000+0000,,,,,0,CCF,,,,,0,a013B000006ek1XQAQ,,,0,eu tincidunt in leo maecenas pulvinar lobortis est phasellus sit amet erat,2019-06-30,2019-04-01,,,,0,,,,,,,0,14831,,16956,,42,,,-6.02,48.01,42,Liters,a0G3B000005EWcdUAG,CCF,Low - Medium (1-2)
a0H3B000009YDXSUA4,0053B000003yo9iQAA,,Chicago 111 W Illinois Water - FY20 Q3,2020-09-25T22:24:09.000+0000,0053B000003yo9iQAA,2020-09-25T22:24:09.000+0000,0053B000003yo9iQAA,2020-09-25T22:24:09.000+0000,,,,,0,CCF,,,,,0,a013B000006ek1XQAQ,,,0,diam erat fermentum justo nec condimentum neque sapien placerat ante nulla justo aliquam quis turpis eget elit sodales scelerisque,2019-09-30,2019-07-01,,,,0,,,,,,,0,1487,,7745,,4.21,,,-17.72,21.93,4.21,Liters,a0G3B000005EWcdUAG,CCF,Low - Medium (1-2)
a0H3B000009YDXTUA4,0053B000003yo9iQAA,,Chicago 111 W Illinois Water - FY20 Q4,2020-09-25T22:24:09.000+0000,0053B000003yo9iQAA,2020-09-25T22:24:09.000+0000,0053B000003yo9iQAA,2020-09-25T22:24:09.000+0000,,,,,0,CCF,,,,,0,a013B000006ek1XQAQ,,,0,ipsum ac tellus semper interdum mauris ullamcorper purus sit amet nulla quisque arcu libero rutrum ac lobortis vel dapibus,2019-12-31,2019-10-01,,,,0,,,,,,,0,16375,,12305,,46.37,,,11.52,34.84,46.37,Liters,a0G3B000005EWcdUAG,CCF,Low - Medium (1-2)
a0H3B000009YDXUUA4,0053B000003yo9iQAA,,Chicago 20 W Kinzie Water - FY20 Q1,2020-09-25T22:24:09.000+0000,0053B000003yo9iQAA,2020-09-25T22:24:09.000+0000,0053B000003yo9iQAA,2020-09-25T22:24:09.000+0000,,,,,0,CCF,,,,,0,a013B000006eZY2QAM,,,0,cursus id turpis integer aliquet massa id lobortis convallis tortor risus dapibus augue,2019-03-31,2019-01-01,,,,0,,,,,,,0,12490,,8843,,35.37,,,10.33,25.04,35.37,Liters,a0G3B000005EWcdUAG,CCF,Low - Medium (1-2)
a0H3B000009YDXVUA4,0053B000003yo9iQAA,,Chicago 20 W Kinzie Water - FY20 Q2,2020-09-25T22:24:09.000+0000,0053B000003yo9iQAA,2020-09-25T22:24:09.000+0000,0053B000003yo9iQAA,2020-09-25T22:24:09.000+0000,,,,,0,CCF,,,,,0,a013B000006eZY2QAM,,,0,cubilia curae donec pharetra magna vestibulum aliquet ultrices erat tortor sollicitudin mi sit amet lobortis sapien sapien,2019-06-30,2019-04-01,,,,0,,,,,,,0,3614,,14677,,10.23,,,-31.33,41.56,10.23,Liters,a0G3B000005EWcdUAG,CCF,Low - Medium (1-2)
a0H3B000009YDXWUA4,0053B000003yo9iQAA,,Chicago 20 W Kinzie Water - FY20 Q3,2020-09-25T22:24:09.000+0000,0053B000003yo9iQAA,2020-09-25T22:24:09.000+0000,0053B000003yo9iQAA,2020-09-25T22:24:09.000+0000,,,,,0,CCF,,,,,0,a013B000006eZY2QAM,,,0,vitae quam suspendisse potenti nullam porttitor lacus at turpis donec posuere metus vitae ipsum aliquam non mauris morbi non lectus,2019-09-30,2019-07-01,,,,0,,,,,,,0,10900,,1645,,30.87,,,26.21,4.66,30.87,Liters,a0G3B000005EWcdUAG,CCF,Low - Medium (1-2)
a0H3B000009YDXXUA4,0053B000003yo9iQAA,,Chicago 20 W Kinzie Water - FY20 Q4,2020-09-25T22:24:09.000+0000,0053B000003yo9iQAA,2020-09-25T22:24:09.000+0000,0053B000003yo9iQAA,2020-09-25T22:24:09.000+0000,,,,,0,CCF,,,,,0,a013B000006eZY2QAM,,,0,augue a suscipit nulla elit ac nulla sed vel enim,2019-12-31,2019-10-01,,,,0,,,,,,,0,3710,,8162,,10.51,,,-12.61,23.11,10.51,Liters,a0G3B000005EWcdUAG,CCF,Low - Medium (1-2)
a0H3B000009YDXZUA4,0053B000003yo9iQAA,,Coquimbo Water - FY20 Q2,2020-09-25T22:24:09.000+0000,0053B000003yo9iQAA,2020-09-25T22:24:09.000+0000,0053B000003yo9iQAA,2020-09-25T22:24:09.000+0000,,,,,0,Liters,,14732,1141,,0,a013B000006ek3vQAA,,,0,donec ut dolor morbi vel lectus in quam fringilla rhoncus mauris enim,2019-06-30,2019-04-01,12454,880,5691,0.01,,,,,,,0,13149,15391,13250,5663,0.03,6405,676,0,0.04,0.04,Liters,a0G3B000005EWcYUAW,Liters,
a0H3B000009YDXaUAO,0053B000003yo9iQAA,,Coquimbo Water - FY20 Q3,2020-09-25T22:24:09.000+0000,0053B000003yo9iQAA,2020-09-25T22:24:09.000+0000,0053B000003yo9iQAA,2020-09-25T22:24:09.000+0000,,,,,0,Liters,,4061,12589,,0.01,a013B000006ek3vQAA,,,0,semper rutrum nulla nunc purus phasellus in felis donec semper sapien a libero nam dui proin leo odio,2019-09-30,2019-07-01,17855,6264,1299,0.01,,,,,,,0,7656,9802,9917,4282,0.02,2983,938,0.01,0.03,0.04,Liters,a0G3B000005EWcYUAW,Liters,
a0H3B000009YDXbUAO,0053B000003yo9iQAA,,Coquimbo Water - FY20 Q4,2020-09-25T22:24:09.000+0000,0053B000003yo9iQAA,2020-09-25T22:24:09.000+0000,0053B000003yo9iQAA,2020-09-25T22:24:09.000+0000,,,,,0,Liters,,4037,5137,,0.01,a013B000006ek3vQAA,,,0,neque duis bibendum morbi non quam nec dui luctus rutrum nulla tellus in sagittis,2019-12-31,2019-10-01,9684,19671,15908,0.04,,,,,,,0,17230,9498,2489,18755,0.03,5118,11473,0.05,0.02,0.07,Liters,a0G3B000005EWcYUAW,Liters,
a0H3B000009YDXcUAO,0053B000003yo9iQAA,,Delhi Water - FY20 Q1,2020-09-25T22:24:09.000+0000,0053B000003yo9iQAA,2020-09-25T22:24:09.000+0000,0053B000003yo9iQAA,2020-09-25T22:24:09.000+0000,,,,,0,Liters,,,,,0,a013B000006ek3rQAA,,,0,nulla integer pede justo lacinia eget tincidunt eget tempus vel pede morbi porttitor lorem,2019-03-31,2019-01-01,,,,0,,,,,,,0,2322,,8863,,0,,,-0.01,0.01,0,Liters,a0G3B000005EWchUAG,Liters,High (3-4)
a0H3B000009YDXdUAO,0053B000003yo9iQAA,,Delhi Water - FY20 Q2,2020-09-25T22:24:09.000+0000,0053B000003yo9iQAA,2020-09-25T22:24:09.000+0000,0053B000003yo9iQAA,2020-09-25T22:24:09.000+0000,,,,,0,Liters,,,,,0,a013B000006ek3rQAA,,,0,fringilla rhoncus mauris enim leo rhoncus sed vestibulum sit amet cursus,2019-06-30,2019-04-01,,,,0,,,,,,,0,12111,,612,,0.01,,,0.01,0,0.01,Liters,a0G3B000005EWchUAG,Liters,High (3-4)
a0H3B000009YDXeUAO,0053B000003yo9iQAA,,Delhi Water - FY20 Q3,2020-09-25T22:24:09.000+0000,0053B000003yo9iQAA,2020-09-25T22:24:09.000+0000,0053B000003yo9iQAA,2020-09-25T22:24:09.000+0000,,,,,0,Liters,,,,,0,a013B000006ek3rQAA,,,0,ultrices vel augue vestibulum ante ipsum primis in faucibus orci luctus et,2019-09-30,2019-07-01,,,,0,,,,,,,0,11240,,2348,,0.01,,,0.01,0,0.01,Liters,a0G3B000005EWchUAG,Liters,High (3-4)
a0H3B000009YDXfUAO,0053B000003yo9iQAA,,Delhi Water - FY20 Q4,2020-09-25T22:24:09.000+0000,0053B000003yo9iQAA,2020-09-25T22:24:09.000+0000,0053B000003yo9iQAA,2020-09-25T22:24:09.000+0000,,,,,0,Liters,,,,,0,a013B000006ek3rQAA,,,0,blandit mi in porttitor pede justo eu massa donec dapibus duis at velit eu,2019-12-31,2019-10-01,,,,0,,,,,,,0,11963,,5037,,0.01,,,0.01,0.01,0.01,Liters,a0G3B000005EWchUAG,Liters,High (3-4)
a0H3B000009YDXgUAO,0053B000003yo9iQAA,,Dublin Water - FY20 Q1,2020-09-25T22:24:09.000+0000,0053B000003yo9iQAA,2020-09-25T22:24:09.000+0000,0053B000003yo9iQAA,2020-09-25T22:24:09.000+0000,,,,,0,Liters,,,,,0,a013B000006ek3lQAA,,,0,nunc purus phasellus in felis donec semper sapien a libero,2019-03-31,2019-01-01,,,,0,,,,,,,0,16561,,10899,,0.02,,,0.01,0.01,0.02,Liters,a0G3B000005EWciUAG,Liters,Low - Medium (1-2)
a0H3B000009YDXYUA4,0053B000003yo9iQAA,,Coquimbo Water - FY20 Q1,2020-09-25T22:24:09.000+0000,0053B000003yo9iQAA,2020-09-25T22:24:09.000+0000,0053B000003yo9iQAA,2020-09-25T22:24:09.000+0000,,,,,0,Liters,,4874,4636,,0,a013B000006ek3vQAA,,,0,interdum mauris ullamcorper purus sit amet nulla quisque arcu libero rutrum ac lobortis vel dapibus,2019-03-31,2019-01-01,9781,2840,17389,0.02,,,,,,,0,19724,16097,12814,8138,0.04,2128,9172,0.03,0.03,0.06,Liters,a0G3B000005EWcYUAW,Liters,
a0H3B000009YDXhUAO,0053B000003yo9iQAA,,Dublin Water - FY20 Q2,2020-09-25T22:24:09.000+0000,0053B000003yo9iQAA,2020-09-25T22:24:09.000+0000,0053B000003yo9iQAA,2020-09-25T22:24:09.000+0000,,,,,0,Liters,,,,,0,a013B000006ek3lQAA,,,0,est et tempus semper est quam pharetra magna ac consequat metus sapien ut nunc vestibulum,2019-06-30,2019-04-01,,,,0,,,,,,,0,3043,,6642,,0,,,0,0.01,0,Liters,a0G3B000005EWciUAG,Liters,Low - Medium (1-2)
a0H3B000009YDXiUAO,0053B000003yo9iQAA,,Dublin Water - FY20 Q3,2020-09-25T22:24:09.000+0000,0053B000003yo9iQAA,2020-09-25T22:24:09.000+0000,0053B000003yo9iQAA,2020-09-25T22:24:09.000+0000,,,,,0,Liters,,,,,0,a013B000006ek3lQAA,,,0,neque duis bibendum morbi non quam nec dui luctus rutrum nulla tellus,2019-09-30,2019-07-01,,,,0,,,,,,,0,11093,,4184,,0.01,,,0.01,0,0.01,Liters,a0G3B000005EWciUAG,Liters,Low - Medium (1-2)
a0H3B000009YDXjUAO,0053B000003yo9iQAA,,Dublin Water - FY20 Q4,2020-09-25T22:24:09.000+0000,0053B000003yo9iQAA,2020-09-25T22:24:09.000+0000,0053B000003yo9iQAA,2020-09-25T22:24:09.000+0000,,,,,0,Liters,,,,,0,a013B000006ek3lQAA,,,0,ut mauris eget massa tempor convallis nulla neque libero convallis eget eleifend,2019-12-31,2019-10-01,,,,0,,,,,,,0,9410,,2447,,0.01,,,0.01,0,0.01,Liters,a0G3B000005EWciUAG,Liters,Low - Medium (1-2)
a0H3B000009YDXkUAO,0053B000003yo9iQAA,,Hilsboro Water - FY20 Q1,2020-09-25T22:24:09.000+0000,0053B000003yo9iQAA,2020-09-25T22:24:09.000+0000,0053B000003yo9iQAA,2020-09-25T22:24:09.000+0000,,,,20,2.41,CCF,872,12688,16543,6478,65.19,a013B000006ek1ZQAQ,6128,2305,23.88,amet eros suspendisse accumsan tortor quis turpis sed ante vivamus tortor duis mattis,2019-03-31,2019-01-01,,,,0,,,,,,,0,9200,942,2548,3500,28.72,16498,18868,74.64,43.14,117.79,CCF,a0G3B000005EWcZUAW,CCF,Low (0-1)
a0H3B000009YDXlUAO,0053B000003yo9iQAA,,Hilsboro Water - FY20 Q2,2020-09-25T22:24:09.000+0000,0053B000003yo9iQAA,2020-09-25T22:24:09.000+0000,0053B000003yo9iQAA,2020-09-25T22:24:09.000+0000,,,,872,-0.55,CCF,678,12138,10027,3664,38.77,a013B000006ek1ZQAQ,11867,9753,61.22,neque vestibulum eget vulputate ut ultrices vel augue vestibulum ante ipsum primis in faucibus orci luctus et ultrices posuere,2019-06-30,2019-04-01,,,,0,,,,,,,0,2782,11434,6391,14843,40.26,7706,1194,87.78,52.47,140.24,CCF,a0G3B000005EWcZUAW,CCF,Low (0-1)
a0H3B000009YDXmUAO,0053B000003yo9iQAA,,Hilsboro Water - FY20 Q3,2020-09-25T22:24:09.000+0000,0053B000003yo9iQAA,2020-09-25T22:24:09.000+0000,0053B000003yo9iQAA,2020-09-25T22:24:09.000+0000,,,,678,-1.13,CCF,279,551,3592,13117,47.31,a013B000006ek1ZQAQ,5164,15964,59.83,velit donec diam neque vestibulum eget vulputate ut ultrices vel augue vestibulum ante ipsum primis in,2019-09-30,2019-07-01,,,,0,,,,,,,0,1047,5893,16019,2665,19.65,8480,16065,79.87,46.92,126.79,CCF,a0G3B000005EWcZUAW,CCF,Low (0-1)
a0H3B000009YDXnUAO,0053B000003yo9iQAA,,Hilsboro Water - FY20 Q4,2020-09-25T22:24:09.000+0000,0053B000003yo9iQAA,2020-09-25T22:24:09.000+0000,0053B000003yo9iQAA,2020-09-25T22:24:09.000+0000,,,,279,1.11,CCF,670,14220,5684,17941,66.9,a013B000006ek1ZQAQ,6701,4939,32.96,magna bibendum imperdiet nullam orci pede venenatis non sodales sed tincidunt eu felis fusce posuere felis,2019-12-31,2019-10-01,,,,0,,,,,,,0,707,15792,7201,8355,46.72,131,2290,85.92,60.66,146.58,CCF,a0G3B000005EWcZUAW,CCF,Low (0-1)
a0H3B000009YDXoUAO,0053B000003yo9iQAA,,Johnny's North - Water Q1,2020-09-25T22:24:09.000+0000,0053B000003yo9iQAA,2020-09-25T22:24:09.000+0000,0053B000003yo9iQAA,2020-09-25T22:24:09.000+0000,,,,,0,CCF,,,,,0,a013B000006enQjQAI,,,0,"regulation ice hockey sheet, food services, cooling tower, plumbing",2019-03-31,2019-01-01,,,,0,,,,,,,0,1651,,10000,,4.68,,,-23.64,28.32,4.68,Liters,a0G3B000005EWcdUAG,CCF,Low - Medium (1-2)
a0H3B000009YDXpUAO,0053B000003yo9iQAA,,Johnny's North - Water Q2,2020-09-25T22:24:09.000+0000,0053B000003yo9iQAA,2020-09-25T22:24:09.000+0000,0053B000003yo9iQAA,2020-09-25T22:24:09.000+0000,,,,,0,CCF,,,,,0,a013B000006enQjQAI,,,0,"regulation ice hockey sheet, food services, cooling tower, plumbing",2019-06-30,2019-04-01,,,,0,,,,,,,0,5421,,10000,,15.35,,,-12.97,28.32,15.35,Liters,a0G3B000005EWcdUAG,CCF,Low - Medium (1-2)
a0H3B000009YDXqUAO,0053B000003yo9iQAA,,Johnny's North - Water Q3,2020-09-25T22:24:09.000+0000,0053B000003yo9iQAA,2020-09-25T22:24:09.000+0000,0053B000003yo9iQAA,2020-09-25T22:24:09.000+0000,,2020-09-25T22:25:27.000+0000,2020-09-25T22:25:27.000+0000,,0,CCF,,,,,0,a013B000006enQjQAI,,,0,"regulation ice hockey sheet, food services, cooling tower, plumbing",2019-09-30,2019-07-01,,,,0,,,,,,,0,4682,,10000,,13.26,,,-15.06,28.32,13.26,Liters,a0G3B000005EWcdUAG,CCF,Low - Medium (1-2)
a0H3B000009YDXrUAO,0053B000003yo9iQAA,,Johnny's North - Water Q4,2020-09-25T22:24:09.000+0000,0053B000003yo9iQAA,2020-09-25T22:24:09.000+0000,0053B000003yo9iQAA,2020-09-25T22:24:09.000+0000,,,,,0,CCF,,,,,0,a013B000006enQjQAI,,,0,"regulation ice hockey sheet, food services, cooling tower, plumbing",2019-12-31,2019-10-01,,,,0,,,,,,,0,490,,15000,,1.39,,,-41.09,42.48,1.39,Liters,a0G3B000005EWcdUAG,CCF,Low - Medium (1-2)
a0H3B000009YDXsUAO,0053B000003yo9iQAA,,Madrid Water - FY20 Q1,2020-09-25T22:24:09.000+0000,0053B000003yo9iQAA,2020-09-25T22:24:09.000+0000,0053B000003yo9iQAA,2020-09-25T22:24:09.000+0000,,,,,0,Liters,,,,,0,a013B000006ek3kQAA,,,0,vestibulum sagittis sapien cum sociis natoque penatibus et magnis dis parturient montes nascetur ridiculus mus etiam,2019-03-31,2019-01-01,,,,0,,,,,,,0,16402,,15396,,0.02,,,0,0.02,0.02,Liters,a0G3B000005EWccUAG,Liters,High (3-4)
a0H3B000009YDXtUAO,0053B000003yo9iQAA,,Madrid Water - FY20 Q2,2020-09-25T22:24:09.000+0000,0053B000003yo9iQAA,2020-09-25T22:24:09.000+0000,0053B000003yo9iQAA,2020-09-25T22:24:09.000+0000,,,,,0,Liters,,,,,0,a013B000006ek3kQAA,,,0,justo eu massa donec dapibus duis at velit eu est congue elementum in hac habitasse,2019-06-30,2019-04-01,,,,0,,,,,,,0,222,,3824,,0,,,0,0,0,Liters,a0G3B000005EWccUAG,Liters,High (3-4)
a0H3B000009YDXuUAO,0053B000003yo9iQAA,,Madrid Water - FY20 Q3,2020-09-25T22:24:09.000+0000,0053B000003yo9iQAA,2020-09-25T22:24:09.000+0000,0053B000003yo9iQAA,2020-09-25T22:24:09.000+0000,,,,,0,Liters,,,,,0,a013B000006ek3kQAA,,,0,feugiat et eros vestibulum ac est lacinia nisi venenatis tristique,2019-09-30,2019-07-01,,,,0,,,,,,,0,5029,,14549,,0.01,,,-0.01,0.01,0.01,Liters,a0G3B000005EWccUAG,Liters,High (3-4)
a0H3B000009YDXvUAO,0053B000003yo9iQAA,,Madrid Water - FY20 Q4,2020-09-25T22:24:09.000+0000,0053B000003yo9iQAA,2020-09-25T22:24:09.000+0000,0053B000003yo9iQAA,2020-09-25T22:24:09.000+0000,,,,,0,Liters,,,,,0,a013B000006ek3kQAA,,,0,vestibulum aliquet ultrices erat tortor sollicitudin mi sit amet lobortis sapien sapien non mi integer ac neque duis bibendum morbi,2019-12-31,2019-10-01,,,,0,,,,,,,0,10485,,12596,,0.01,,,0,0.01,0.01,Liters,a0G3B000005EWccUAG,Liters,High (3-4)
a0H3B000009YDXwUAO,0053B000003yo9iQAA,,Melbourne Water - FY20 Q1,2020-09-25T22:24:09.000+0000,0053B000003yo9iQAA,2020-09-25T22:24:09.000+0000,0053B000003yo9iQAA,2020-09-25T22:24:09.000+0000,,,,,0,Liters,,,,,0,a013B000006ek3oQAA,,,0,lorem quisque ut erat curabitur gravida nisi at nibh in hac habitasse platea dictumst aliquam,2019-03-31,2019-01-01,,,,0,,,,,,,0,7492,,16103,,0.01,,,-0.01,0.02,0.01,Liters,a0G3B000005EWceUAG,Liters,Low - Medium (1-2)
a0H3B000009YDXxUAO,0053B000003yo9iQAA,,Melbourne Water - FY20 Q2,2020-09-25T22:24:09.000+0000,0053B000003yo9iQAA,2020-09-25T22:24:09.000+0000,0053B000003yo9iQAA,2020-09-25T22:24:09.000+0000,,,,,0,Liters,,,,,0,a013B000006ek3oQAA,,,0,sed sagittis nam congue risus semper porta volutpat quam pede lobortis ligula sit,2019-06-30,2019-04-01,,,,0,,,,,,,0,450,,18326,,0,,,-0.02,0.02,0,Liters,a0G3B000005EWceUAG,Liters,Low - Medium (1-2)
a0H3B000009YDXyUAO,0053B000003yo9iQAA,,Melbourne Water - FY20 Q3,2020-09-25T22:24:09.000+0000,0053B000003yo9iQAA,2020-09-25T22:24:09.000+0000,0053B000003yo9iQAA,2020-09-25T22:24:09.000+0000,,,,,0,Liters,,,,,0,a013B000006ek3oQAA,,,0,sapien sapien non mi integer ac neque duis bibendum morbi non quam nec dui luctus rutrum nulla tellus,2019-09-30,2019-07-01,,,,0,,,,,,,0,14961,,13822,,0.01,,,0,0.01,0.01,Liters,a0G3B000005EWceUAG,Liters,Low - Medium (1-2)
a0H3B000009YDXzUAO,0053B000003yo9iQAA,,Melbourne Water - FY20 Q4,2020-09-25T22:24:09.000+0000,0053B000003yo9iQAA,2020-09-25T22:24:09.000+0000,0053B000003yo9iQAA,2020-09-25T22:24:09.000+0000,,,,,0,Liters,,,,,0,a013B000006ek3oQAA,,,0,quisque erat eros viverra eget congue eget semper rutrum nulla nunc purus phasellus in felis donec semper,2019-12-31,2019-10-01,,,,0,,,,,,,0,11605,,15352,,0.01,,,0,0.02,0.01,Liters,a0G3B000005EWceUAG,Liters,Low - Medium (1-2)
a0H3B000009YDY0UAO,0053B000003yo9iQAA,,Nairobi Water - FY20 Q1,2020-09-25T22:24:09.000+0000,0053B000003yo9iQAA,2020-09-25T22:24:09.000+0000,0053B000003yo9iQAA,2020-09-25T22:24:09.000+0000,,,,,0,Liters,,6616,16292,,0.02,a013B000006ek3tQAA,,,0,ante vestibulum ante ipsum primis in faucibus orci luctus et ultrices posuere cubilia,2019-03-31,2019-01-01,,,,0,,,,,,,0,14013,19159,13935,8701,0.03,18532,15312,0.03,0.02,0.05,Liters,a0G3B000005EWcaUAG,Liters,
a0H3B000009YDY1UAO,0053B000003yo9iQAA,,Nairobi Water - FY20 Q2,2020-09-25T22:24:09.000+0000,0053B000003yo9iQAA,2020-09-25T22:24:09.000+0000,0053B000003yo9iQAA,2020-09-25T22:24:09.000+0000,,,,,0,Liters,,12445,16546,,0.02,a013B000006ek3tQAA,,,0,lacinia sapien quis libero nullam sit amet turpis elementum ligula vehicula consequat morbi,2019-06-30,2019-04-01,,,,0,,,,,,,0,3991,8003,17167,16087,0.01,11941,5523,0,0.03,0.03,Liters,a0G3B000005EWcaUAG,Liters,
a0H3B000009YDY2UAO,0053B000003yo9iQAA,,Nairobi Water - FY20 Q3,2020-09-25T22:24:09.000+0000,0053B000003yo9iQAA,2020-09-25T22:24:09.000+0000,0053B000003yo9iQAA,2020-09-25T22:24:09.000+0000,,,,,0,Liters,,9452,12491,,0.01,a013B000006ek3tQAA,,,0,sed magna at nunc commodo placerat praesent blandit nam nulla integer pede justo lacinia eget tincidunt eget tempus vel,2019-09-30,2019-07-01,,,,0,,,,,,,0,3221,13494,4250,3200,0.02,15615,13712,0.02,0.01,0.03,Liters,a0G3B000005EWcaUAG,Liters,
a0H3B000009YDY3UAO,0053B000003yo9iQAA,,Nairobi Water - FY20 Q4,2020-09-25T22:24:09.000+0000,0053B000003yo9iQAA,2020-09-25T22:24:09.000+0000,0053B000003yo9iQAA,2020-09-25T22:24:09.000+0000,,,,,0,Liters,,5073,9164,,0.01,a013B000006ek3tQAA,,,0,dui luctus rutrum nulla tellus in sagittis dui vel nisl,2019-12-31,2019-10-01,,,,0,,,,,,,0,2040,4682,2619,3188,0.01,4303,5712,0.01,0.01,0.02,Liters,a0G3B000005EWcaUAG,Liters,
a0H3B000009YDY4UAO,0053B000003yo9iQAA,,Paris Water - FY20 Q1,2020-09-25T22:24:09.000+0000,0053B000003yo9iQAA,2020-09-25T22:24:09.000+0000,0053B000003yo9iQAA,2020-09-25T22:24:09.000+0000,,,,,0,Liters,,,,,0,a013B000006ek3mQAA,,,0,aenean auctor gravida sem praesent id massa id nisl venenatis lacinia aenean sit amet justo,2019-03-31,2019-01-01,,,,0,,,,,,,0,2034,,15054,,0,,,-0.01,0.02,0,Liters,a0G3B000005EWccUAG,Liters,Low - Medium (1-2)
a0H3B000009YDY5UAO,0053B000003yo9iQAA,,Paris Water - FY20 Q2,2020-09-25T22:24:09.000+0000,0053B000003yo9iQAA,2020-09-25T22:24:09.000+0000,0053B000003yo9iQAA,2020-09-25T22:24:09.000+0000,,,,,0,Liters,,,,,0,a013B000006ek3mQAA,,,0,sit amet eleifend pede libero quis orci nullam molestie nibh in lectus pellentesque,2019-06-30,2019-04-01,,,,0,,,,,,,0,9829,,19236,,0.01,,,-0.01,0.02,0.01,Liters,a0G3B000005EWccUAG,Liters,Low - Medium (1-2)
a0H3B000009YDY6UAO,0053B000003yo9iQAA,,Paris Water - FY20 Q3,2020-09-25T22:24:09.000+0000,0053B000003yo9iQAA,2020-09-25T22:24:09.000+0000,0053B000003yo9iQAA,2020-09-25T22:24:09.000+0000,,,,,0,Liters,,,,,0,a013B000006ek3mQAA,,,0,ipsum ac tellus semper interdum mauris ullamcorper purus sit amet nulla quisque arcu libero rutrum ac lobortis vel dapibus,2019-09-30,2019-07-01,,,,0,,,,,,,0,6257,,4025,,0.01,,,0,0,0.01,Liters,a0G3B000005EWccUAG,Liters,Low - Medium (1-2)
a0H3B000009YDY7UAO,0053B000003yo9iQAA,,Paris Water - FY20 Q4,2020-09-25T22:24:09.000+0000,0053B000003yo9iQAA,2020-09-25T22:24:09.000+0000,0053B000003yo9iQAA,2020-09-25T22:24:09.000+0000,,,,,0,Liters,,,,,0,a013B000006ek3mQAA,,,0,justo pellentesque viverra pede ac diam cras pellentesque volutpat dui maecenas tristique est,2019-12-31,2019-10-01,,,,0,,,,,,,0,17645,,14325,,0.02,,,0,0.01,0.02,Liters,a0G3B000005EWccUAG,Liters,Low - Medium (1-2)
a0H3B000009YDY8UAO,0053B000003yo9iQAA,,Plano Water - FY20 Q1,2020-09-25T22:24:09.000+0000,0053B000003yo9iQAA,2020-09-25T22:24:09.000+0000,0053B000003yo9iQAA,2020-09-25T22:24:09.000+0000,,,,,0,Liters,,,,,0,a013B000006ek1YQAQ,,,0,odio justo sollicitudin ut suscipit a feugiat et eros vestibulum ac est lacinia,2019-03-31,2019-01-01,,,,0,,,,,,,0,4735,,8057,,0,,,0,0.01,0,Liters,a0G3B000005EWclUAG,Liters,Medium - High (2-3)
a0H3B000009YDY9UAO,0053B000003yo9iQAA,,Plano Water - FY20 Q2,2020-09-25T22:24:09.000+0000,0053B000003yo9iQAA,2020-09-25T22:24:09.000+0000,0053B000003yo9iQAA,2020-09-25T22:24:09.000+0000,,,,,0,Liters,,,,,0,a013B000006ek1YQAQ,,,0,curae nulla dapibus dolor vel est donec odio justo sollicitudin ut suscipit a,2019-06-30,2019-04-01,,,,0,,,,,,,0,3656,,5693,,0,,,0,0.01,0,Liters,a0G3B000005EWclUAG,Liters,Medium - High (2-3)
a0H3B000009YDYAUA4,0053B000003yo9iQAA,,Plano Water - FY20 Q3,2020-09-25T22:24:09.000+0000,0053B000003yo9iQAA,2020-09-25T22:24:09.000+0000,0053B000003yo9iQAA,2020-09-25T22:24:09.000+0000,,,,,0,Liters,,,,,0,a013B000006ek1YQAQ,,,0,primis in faucibus orci luctus et ultrices posuere cubilia curae donec,2019-09-30,2019-07-01,,,,0,,,,,,,0,19343,,12667,,0.02,,,0.01,0.01,0.02,Liters,a0G3B000005EWclUAG,Liters,Medium - High (2-3)
a0H3B000009YDYBUA4,0053B000003yo9iQAA,,Plano Water - FY20 Q4,2020-09-25T22:24:09.000+0000,0053B000003yo9iQAA,2020-09-25T22:24:09.000+0000,0053B000003yo9iQAA,2020-09-25T22:24:09.000+0000,,,,,0,Liters,,,,,0,a013B000006ek1YQAQ,,,0,eget orci vehicula condimentum curabitur in libero ut massa volutpat convallis morbi odio odio elementum eu interdum eu tincidunt,2019-12-31,2019-10-01,,,,0,,,,,,,0,19351,,18574,,0.02,,,0,0.02,0.02,Liters,a0G3B000005EWclUAG,Liters,Medium - High (2-3)
a0H3B000009YDYCUA4,0053B000003yo9iQAA,,San Jose Water - FY20 Q1,2020-09-25T22:24:09.000+0000,0053B000003yo9iQAA,2020-09-25T22:24:09.000+0000,0053B000003yo9iQAA,2020-09-25T22:24:09.000+0000,,,,,0,CCF,,16737,4978,,14.1,a013B000006ek3wQAA,,,0,venenatis lacinia aenean sit amet justo morbi ut odio cras mi pede malesuada in imperdiet et commodo,2019-03-31,2019-01-01,7769,7352,2508,27.92,,,,,,,0,9595,4341,5978,6840,39.46,16217,7437,-4.84,86.32,81.48,Liters,a0G3B000005EWcZUAW,CCF,Low (0-1)
a0H3B000009YDYDUA4,0053B000003yo9iQAA,,San Jose Water - FY20 Q2,2020-09-25T22:24:09.000+0000,0053B000003yo9iQAA,2020-09-25T22:24:09.000+0000,0053B000003yo9iQAA,2020-09-25T22:24:09.000+0000,,,,,0,CCF,,10471,14758,,41.79,a013B000006ek3wQAA,,,0,in consequat ut nulla sed accumsan felis ut at dolor quis odio consequat varius integer ac leo pellentesque,2019-06-30,2019-04-01,18212,9886,16392,74.41,,,,,,,0,8588,14696,13161,8954,65.93,8383,19589,63.64,118.49,182.13,Liters,a0G3B000005EWcZUAW,CCF,Low (0-1)
a0H3B000009YDYEUA4,0053B000003yo9iQAA,,San Jose Water - FY20 Q3,2020-09-25T22:24:09.000+0000,0053B000003yo9iQAA,2020-09-25T22:24:09.000+0000,0053B000003yo9iQAA,2020-09-25T22:24:09.000+0000,,,,,0,CCF,,5328,16997,,48.13,a013B000006ek3wQAA,,,0,in hac habitasse platea dictumst morbi vestibulum velit id pretium iaculis diam erat fermentum justo nec condimentum neque sapien placerat,2019-09-30,2019-07-01,8006,17489,19489,104.71,,,,,,,0,7347,18392,10245,1228,72.88,9444,618,158.96,66.77,225.72,Liters,a0G3B000005EWcZUAW,CCF,Low (0-1)
a0H3B000009YDYFUA4,0053B000003yo9iQAA,,San Jose Water - FY20 Q4,2020-09-25T22:24:09.000+0000,0053B000003yo9iQAA,2020-09-25T22:24:09.000+0000,0053B000003yo9iQAA,2020-09-25T22:24:09.000+0000,,,,,0,CCF,,8684,17509,,49.58,a013B000006ek3wQAA,,,0,proin leo odio porttitor id consequat in consequat ut nulla sed accumsan felis ut at dolor,2019-12-31,2019-10-01,16967,6627,18890,72.26,,,,,,,0,15979,19512,12651,12145,100.5,4257,13674,113.88,108.46,222.34,Liters,a0G3B000005EWcZUAW,CCF,Low (0-1)
a0H3B000009YDYGUA4,0053B000003yo9iQAA,,Sydney Water - FY20 Q1,2020-09-25T22:24:09.000+0000,0053B000003yo9iQAA,2020-09-25T22:24:09.000+0000,0053B000003yo9iQAA,2020-09-25T22:24:09.000+0000,,,,,0,Liters,,,,,0,a013B000006ek3pQAA,,,0,at nunc commodo placerat praesent blandit nam nulla integer pede justo,2019-03-31,2019-01-01,,,,0,,,,,,,0,12978,,11379,,0.01,,,0,0.01,0.01,Liters,a0G3B000005EWccUAG,Liters,Low - Medium (1-2)
a0H3B000009YDYHUA4,0053B000003yo9iQAA,,Sydney Water - FY20 Q2,2020-09-25T22:24:09.000+0000,0053B000003yo9iQAA,2020-09-25T22:24:09.000+0000,0053B000003yo9iQAA,2020-09-25T22:24:09.000+0000,,,,,0,Liters,,,,,0,a013B000006ek3pQAA,,,0,nunc donec quis orci eget orci vehicula condimentum curabitur in,2019-06-30,2019-04-01,,,,0,,,,,,,0,9365,,13486,,0.01,,,0,0.01,0.01,Liters,a0G3B000005EWccUAG,Liters,Low - Medium (1-2)
a0H3B000009YDYIUA4,0053B000003yo9iQAA,,Sydney Water - FY20 Q3,2020-09-25T22:24:09.000+0000,0053B000003yo9iQAA,2020-09-25T22:24:09.000+0000,0053B000003yo9iQAA,2020-09-25T22:24:09.000+0000,,,,,0,Liters,,,,,0,a013B000006ek3pQAA,,,0,ut nulla sed accumsan felis ut at dolor quis odio consequat,2019-09-30,2019-07-01,,,,0,,,,,,,0,3619,,377,,0,,,0,0,0,Liters,a0G3B000005EWccUAG,Liters,Low - Medium (1-2)
a0H3B000009YDYJUA4,0053B000003yo9iQAA,,Sydney Water - FY20 Q4,2020-09-25T22:24:09.000+0000,0053B000003yo9iQAA,2020-09-25T22:24:09.000+0000,0053B000003yo9iQAA,2020-09-25T22:24:09.000+0000,,,,,0,Liters,,,,,0,a013B000006ek3pQAA,,,0,vehicula condimentum curabitur in libero ut massa volutpat convallis morbi odio odio elementum eu interdum eu tincidunt,2019-12-31,2019-10-01,,,,0,,,,,,,0,5340,,7493,,0.01,,,0,0.01,0.01,Liters,a0G3B000005EWccUAG,Liters,Low - Medium (1-2)
a0H3B000009YDYKUA4,0053B000003yo9iQAA,,Tokyo Water - FY20 Q1,2020-09-25T22:24:09.000+0000,0053B000003yo9iQAA,2020-09-25T22:24:09.000+0000,0053B000003yo9iQAA,2020-09-25T22:24:09.000+0000,,,,,0,Liters,,,,,0,a013B000006ek3sQAA,,,0,in felis donec semper sapien a libero nam dui proin leo odio,2019-03-31,2019-01-01,,,,0,,,,,,,0,15510,,10692,,0.02,,,0,0.01,0.02,Liters,a0G3B000005EWckUAG,Liters,Low - Medium (1-2)
a0H3B000009YDYMUA4,0053B000003yo9iQAA,,Tokyo Water - FY20 Q3,2020-09-25T22:24:09.000+0000,0053B000003yo9iQAA,2020-09-25T22:24:09.000+0000,0053B000003yo9iQAA,2020-09-25T22:24:09.000+0000,,,,,0,Liters,,,,,0,a013B000006ek3sQAA,,,0,porta volutpat erat quisque erat eros viverra eget congue eget semper rutrum nulla nunc purus phasellus,2019-09-30,2019-07-01,,,,0,,,,,,,0,7443,,18744,,0.01,,,-0.01,0.02,0.01,Liters,a0G3B000005EWckUAG,Liters,Low - Medium (1-2)
a0H3B000009YDYNUA4,0053B000003yo9iQAA,,Tokyo Water - FY20 Q4,2020-09-25T22:24:09.000+0000,0053B000003yo9iQAA,2020-09-25T22:24:09.000+0000,0053B000003yo9iQAA,2020-09-25T22:24:09.000+0000,,,,,0,Liters,,,,,0,a013B000006ek3sQAA,,,0,nec nisi volutpat eleifend donec ut dolor morbi vel lectus in quam fringilla rhoncus,2019-12-31,2019-10-01,,,,0,,,,,,,0,14376,,3308,,0.01,,,0.01,0,0.01,Liters,a0G3B000005EWckUAG,Liters,Low - Medium (1-2)
a0H3B000009YDYOUA4,0053B000003yo9iQAA,,Toronto - Canada HQ Water - FY20 Q1,2020-09-25T22:24:09.000+0000,0053B000003yo9iQAA,2020-09-25T22:24:09.000+0000,0053B000003yo9iQAA,2020-09-25T22:24:09.000+0000,,,,,0,Liters,,,,,0,a013B000006ek3gQAA,,,0,nulla nisl nunc nisl duis bibendum felis sed interdum venenatis turpis enim blandit mi in porttitor pede justo,2019-03-31,2019-01-01,,,,0,,,,,,,0,12191,,11170,,0.01,,,0,0.01,0.01,Liters,a0G3B000005EWcmUAG,Liters,Low (0-1)
a0H3B000009YDYPUA4,0053B000003yo9iQAA,,Toronto - Canada HQ Water - FY20 Q2,2020-09-25T22:24:09.000+0000,0053B000003yo9iQAA,2020-09-25T22:24:09.000+0000,0053B000003yo9iQAA,2020-09-25T22:24:09.000+0000,,,,,0,Liters,,,,,0,a013B000006ek3gQAA,,,0,congue risus semper porta volutpat quam pede lobortis ligula sit amet eleifend pede libero quis,2019-06-30,2019-04-01,,,,0,,,,,,,0,9031,,15885,,0.01,,,-0.01,0.02,0.01,Liters,a0G3B000005EWcmUAG,Liters,Low (0-1)
a0H3B000009YDYQUA4,0053B000003yo9iQAA,,Toronto - Canada HQ Water - FY20 Q3,2020-09-25T22:24:09.000+0000,0053B000003yo9iQAA,2020-09-25T22:24:09.000+0000,0053B000003yo9iQAA,2020-09-25T22:24:09.000+0000,,,,,0,Liters,,,,,0,a013B000006ek3gQAA,,,0,dui proin leo odio porttitor id consequat in consequat ut nulla sed accumsan felis ut at dolor quis odio consequat,2019-09-30,2019-07-01,,,,0,,,,,,,0,15596,,19725,,0.02,,,0,0.02,0.02,Liters,a0G3B000005EWcmUAG,Liters,Low (0-1)
a0H3B000009YDYRUA4,0053B000003yo9iQAA,,Toronto - Canada HQ Water - FY20 Q4,2020-09-25T22:24:09.000+0000,0053B000003yo9iQAA,2020-09-25T22:24:09.000+0000,0053B000003yo9iQAA,2020-09-25T22:24:09.000+0000,,,,,0,Liters,,,,,0,a013B000006ek3gQAA,,,0,lorem quisque ut erat curabitur gravida nisi at nibh in hac,2019-12-31,2019-10-01,,,,0,,,,,,,0,10338,,18598,,0.01,,,-0.01,0.02,0.01,Liters,a0G3B000005EWcmUAG,Liters,Low (0-1)
a0H3B000009YDYLUA4,0053B000003yo9iQAA,,Tokyo Water - FY20 Q2,2020-09-25T22:24:09.000+0000,0053B000003yo9iQAA,2020-09-25T22:24:09.000+0000,0053B000003yo9iQAA,2020-09-25T22:24:09.000+0000,,,,,0,Liters,,,,,0,a013B000006ek3sQAA,,,0,lobortis convallis tortor risus dapibus augue vel accumsan tellus nisi eu orci mauris,2019-06-30,2019-04-01,,,,0,,,,,,,0,4865,,4372,,0,,,0,0,0,Liters,a0G3B000005EWckUAG,Liters,Low - Medium (1-2)
a0H3B000009YDYhUAO,0053B000003yo9iQAA,,Madaba Water - FY20 Q1,2020-09-25T22:29:21.000+0000,0053B000003yo9iQAA,2020-09-25T22:30:46.000+0000,0053B000003yo9iQAA,2020-09-25T22:30:46.000+0000,,2020-09-25T22:30:45.000+0000,2020-09-25T22:30:45.000+0000,,0,Liters,,,,,0,a013B000006ek3uQAA,,,0,eu felis fusce posuere felis sed lacus morbi sem mauris,2019-03-31,2019-01-01,,,,0,,,,,,,0,7140,,5169,,0.01,,,0,0.01,0.01,Liters,a0G3B000005EWsMUAW,Liters,
a0H3B000009YDYiUAO,0053B000003yo9iQAA,,Madaba Water - FY20 Q2,2020-09-25T22:29:21.000+0000,0053B000003yo9iQAA,2020-09-25T22:30:46.000+0000,0053B000003yo9iQAA,2020-09-25T22:30:46.000+0000,,2020-09-25T22:30:45.000+0000,2020-09-25T22:30:45.000+0000,,0,Liters,,,,,0,a013B000006ek3uQAA,,,0,fermentum donec ut mauris eget massa tempor convallis nulla neque libero convallis eget,2019-06-30,2019-04-01,,,,0,,,,,,,0,10247,,13484,,0.01,,,0,0.01,0.01,Liters,a0G3B000005EWsMUAW,Liters,
a0H3B000009YDYjUAO,0053B000003yo9iQAA,,Madaba Water - FY20 Q3,2020-09-25T22:29:21.000+0000,0053B000003yo9iQAA,2020-09-25T22:30:46.000+0000,0053B000003yo9iQAA,2020-09-25T22:30:46.000+0000,,2020-09-25T22:30:45.000+0000,2020-09-25T22:30:45.000+0000,,0,Liters,,,,,0,a013B000006ek3uQAA,,,0,cubilia curae mauris viverra diam vitae quam suspendisse potenti nullam,2019-09-30,2019-07-01,,,,0,,,,,,,0,2287,,18254,,0,,,-0.02,0.02,0,Liters,a0G3B000005EWsMUAW,Liters,
a0H3B000009YDYkUAO,0053B000003yo9iQAA,,Madaba Water - FY20 Q4,2020-09-25T22:29:21.000+0000,0053B000003yo9iQAA,2020-09-25T22:30:46.000+0000,0053B000003yo9iQAA,2020-09-25T22:30:46.000+0000,,2020-09-25T22:30:45.000+0000,2020-09-25T22:30:45.000+0000,,0,Liters,,,,,0,a013B000006ek3uQAA,,,0,nunc purus phasellus in felis donec semper sapien a libero nam dui proin leo odio,2019-12-31,2019-10-01,,,,0,,,,,,,0,16433,,9777,,0.02,,,0.01,0.01,0.02,Liters,a0G3B000005EWsMUAW,Liters,
a0H3B000009YDYlUAO,0053B000003yo9iQAA,,Sao Paulo Water - FY20 Q1,2020-09-25T22:29:21.000+0000,0053B000003yo9iQAA,2020-09-25T22:38:54.000+0000,0053B000003yo9iQAA,2020-09-25T22:38:54.000+0000,,2020-09-25T22:38:54.000+0000,2020-09-25T22:38:54.000+0000,,0,Liters,,,,,0,a013B000006ek3iQAA,,,0,molestie lorem quisque ut erat curabitur gravida nisi at nibh in,2019-03-31,2019-01-01,,,,0,,,,,,,0,13895,,17848,,0.01,,,0,0.02,0.01,Liters,a0G3B000005EWcjUAG,Liters,
a0H3B000009YDYmUAO,0053B000003yo9iQAA,,Sao Paulo Water - FY20 Q2,2020-09-25T22:29:21.000+0000,0053B000003yo9iQAA,2020-09-25T22:38:54.000+0000,0053B000003yo9iQAA,2020-09-25T22:38:54.000+0000,,2020-09-25T22:38:54.000+0000,2020-09-25T22:38:54.000+0000,,0,Liters,,,,,0,a013B000006ek3iQAA,,,0,volutpat erat quisque erat eros viverra eget congue eget semper rutrum nulla nunc purus phasellus in felis donec semper sapien,2019-06-30,2019-04-01,,,,0,,,,,,,0,4248,,1365,,0,,,0,0,0,Liters,a0G3B000005EWcjUAG,Liters,
a0H3B000009YDYnUAO,0053B000003yo9iQAA,,Sao Paulo Water - FY20 Q3,2020-09-25T22:29:21.000+0000,0053B000003yo9iQAA,2020-09-25T22:38:54.000+0000,0053B000003yo9iQAA,2020-09-25T22:38:54.000+0000,,2020-09-25T22:38:54.000+0000,2020-09-25T22:38:54.000+0000,,0,Liters,,,,,0,a013B000006ek3iQAA,,,0,ligula vehicula consequat morbi a ipsum integer a nibh in quis justo maecenas,2019-09-30,2019-07-01,,,,0,,,,,,,0,10257,,18320,,0.01,,,-0.01,0.02,0.01,Liters,a0G3B000005EWcjUAG,Liters,
a0H3B000009YDYoUAO,0053B000003yo9iQAA,,Sao Paulo Water - FY20 Q4,2020-09-25T22:29:21.000+0000,0053B000003yo9iQAA,2020-09-25T22:38:54.000+0000,0053B000003yo9iQAA,2020-09-25T22:38:54.000+0000,,2020-09-25T22:38:54.000+0000,2020-09-25T22:38:54.000+0000,,0,Liters,,,,,0,a013B000006ek3iQAA,,,0,id nisl venenatis lacinia aenean sit amet justo morbi ut odio cras mi pede malesuada in imperdiet et commodo vulputate,2019-12-31,2019-10-01,,,,0,,,,,,,0,9918,,7787,,0.01,,,0,0.01,0.01,Liters,a0G3B000005EWcjUAG,Liters,
a0H3B000009YDX6UAO,0053B000003yo9iQAA,,Atlanta Water - FY20 Q1,2020-09-25T22:24:09.000+0000,0053B000003yo9iQAA,2020-09-25T22:24:09.000+0000,0053B000003yo9iQAA,2020-09-25T22:24:09.000+0000,,,,,0,CCF,,,,,0,a013B000006ek1WQAQ,,,0,quam pede lobortis ligula sit amet eleifend pede libero quis orci nullam molestie nibh in lectus pellentesque at nulla,2019-03-31,2019-01-01,,,,0,,,,,,,0,17271,,12158,,48.91,,,14.48,34.43,48.91,Liters,a0G3B000005EWcbUAG,CCF,Low - Medium (1-2)
a0H3B000009YDX7UAO,0053B000003yo9iQAA,,Atlanta Water - FY20 Q2,2020-09-25T22:24:09.000+0000,0053B000003yo9iQAA,2020-09-25T22:24:09.000+0000,0053B000003yo9iQAA,2020-09-25T22:24:09.000+0000,,,,,0,CCF,,,,,0,a013B000006ek1WQAQ,,,0,id sapien in sapien iaculis congue vivamus metus arcu adipiscing molestie hendrerit,2019-06-30,2019-04-01,,,,0,,,,,,,0,14217,,15032,,40.26,,,-2.31,42.57,40.26,Liters,a0G3B000005EWcbUAG,CCF,Low - Medium (1-2)
a0H3B000009YDX8UAO,0053B000003yo9iQAA,,Atlanta Water - FY20 Q3,2020-09-25T22:24:09.000+0000,0053B000003yo9iQAA,2020-09-25T22:24:09.000+0000,0053B000003yo9iQAA,2020-09-25T22:24:09.000+0000,,,,,0,CCF,,,,,0,a013B000006ek1WQAQ,,,0,curabitur at ipsum ac tellus semper interdum mauris ullamcorper purus sit amet nulla,2019-09-30,2019-07-01,,,,0,,,,,,,0,18203,,2962,,51.55,,,43.16,8.39,51.55,Liters,a0G3B000005EWcbUAG,CCF,Low - Medium (1-2)
a0H3B000009YDX9UAO,0053B000003yo9iQAA,,Atlanta Water - FY20 Q4,2020-09-25T22:24:09.000+0000,0053B000003yo9iQAA,2020-09-25T22:24:09.000+0000,0053B000003yo9iQAA,2020-09-25T22:24:09.000+0000,,,,,0,CCF,,,,,0,a013B000006ek1WQAQ,,,0,maecenas pulvinar lobortis est phasellus sit amet erat nulla tempus vivamus in felis eu sapien,2019-12-31,2019-10-01,,,,0,,,,,,,0,11668,,16487,,33.04,,,-13.65,46.69,33.04,Liters,a0G3B000005EWcbUAG,CCF,Low - Medium (1-2)
a0H3B000009YDXAUA4,0053B000003yo9iQAA,,Bengaluru Water - FY20 Q1,2020-09-25T22:24:09.000+0000,0053B000003yo9iQAA,2020-09-25T22:24:09.000+0000,0053B000003yo9iQAA,2020-09-25T22:24:09.000+0000,,,,,0,Liters,,7697,1155,5688,0.01,a013B000006ek3qQAA,4172,7800,0.01,ultrices posuere cubilia curae donec pharetra magna vestibulum aliquet ultrices erat,2019-03-31,2019-01-01,,,,0,,,,830,13311,4346,0.01,,,,10028,0,1778,10637,0.02,0.01,0.03,Liters,,Liters,
a0H3B000009YDXBUA4,0053B000003yo9iQAA,,Bengaluru Water - FY20 Q2,2020-09-25T22:24:09.000+0000,0053B000003yo9iQAA,2020-09-25T22:24:09.000+0000,0053B000003yo9iQAA,2020-09-25T22:24:09.000+0000,,,,,0,Liters,,12073,8637,14202,0.02,a013B000006ek3qQAA,266,16542,0.02,tortor id nulla ultrices aliquet maecenas leo odio condimentum id luctus nec,2019-06-30,2019-04-01,,,,0,,,,6213,12299,12986,0.02,,,,2738,0,13339,187,0.03,0.03,0.06,Liters,,Liters,
a0H3B000009YDXCUA4,0053B000003yo9iQAA,,Bengaluru Water - FY20 Q3,2020-09-25T22:24:09.000+0000,0053B000003yo9iQAA,2020-09-25T22:24:09.000+0000,0053B000003yo9iQAA,2020-09-25T22:24:09.000+0000,,,,,0,Liters,,14129,12849,7985,0.02,a013B000006ek3qQAA,9430,7562,0.02,odio consequat varius integer ac leo pellentesque ultrices mattis odio donec vitae nisi nam ultrices libero,2019-09-30,2019-07-01,,,,0,,,,6309,15115,10638,0.02,,,,12218,0,16119,1399,0.03,0.02,0.06,Liters,,Liters,
a0H3B000009YDXDUA4,0053B000003yo9iQAA,,Bengaluru Water - FY20 Q4,2020-09-25T22:24:09.000+0000,0053B000003yo9iQAA,2020-09-25T22:24:09.000+0000,0053B000003yo9iQAA,2020-09-25T22:24:09.000+0000,,,,,0,Liters,,5266,8339,14918,0.02,a013B000006ek3qQAA,8721,15516,0.02,ligula vehicula consequat morbi a ipsum integer a nibh in quis justo maecenas,2019-12-31,2019-10-01,,,,0,,,,14380,18378,746,0.03,,,,2865,0,17971,17795,0.07,0.01,0.08,Liters,,Liters,
a0H3B000009YDXEUA4,0053B000003yo9iQAA,,Berlin Water - FY20 Q1,2020-09-25T22:24:09.000+0000,0053B000003yo9iQAA,2020-09-25T22:24:09.000+0000,0053B000003yo9iQAA,2020-09-25T22:24:09.000+0000,,,,,0,Liters,,,,,0,a013B000006ek3jQAA,,,0,sit amet diam in magna bibendum imperdiet nullam orci pede venenatis non sodales sed tincidunt eu felis fusce,2019-03-31,2019-01-01,,,,0,,,,,,,0,938,,11636,,0,,,-0.01,0.01,0,Liters,a0G3B000005EWccUAG,Liters,Low - Medium (1-2)
a0H3B000009YDXFUA4,0053B000003yo9iQAA,,Berlin Water - FY20 Q2,2020-09-25T22:24:09.000+0000,0053B000003yo9iQAA,2020-09-25T22:24:09.000+0000,0053B000003yo9iQAA,2020-09-25T22:24:09.000+0000,,,,,0,Liters,,,,,0,a013B000006ek3jQAA,,,0,congue eget semper rutrum nulla nunc purus phasellus in felis donec semper sapien a,2019-06-30,2019-04-01,,,,0,,,,,,,0,11770,,14430,,0.01,,,0,0.01,0.01,Liters,a0G3B000005EWccUAG,Liters,Low - Medium (1-2)
